response_pattern_id,module_id
RP001,M01
RP002,M01
RP003,M01
RP004,M01
RP005,M01
RP006,M02
RP007,M02
RP008,M02
RP009,M02
RP010,M02
RP011,M03
RP012,M03
RP013,M03
RP014,M03
RP015,M03
RP016,M03
RP017,M03
RP018,M04
RP019,M04
RP020,M04
RP021,M04
RP022,M04
RP023,M13
RP024,M05
RP025,M05
RP026,M05
RP027,M05
RP028,M05
RP029,M05
RP030,M06
RP031,M06
RP032,M06
RP033,M06
RP034,M07
RP035,M07
RP036,M07
RP037,M07
RP038,M07
RP039,M08
RP040,M08
RP041,M08
RP042,M08
RP043,M09
RP044,M09
RP045,M09
RP046,M10
RP047,M10
RP048,M10
RP049,M11
RP050,M11
RP051,M12
RP052,M12
RP053,M14
RP054,M16
RP055,M15
